activity,date
1676142037,7/2/2018
1677189666,7/2/2018
1677791851,7/3/2018
1678243092,7/3/2018
1679301301,7/3/2018
1680472755,7/4/2018
1683266725,7/5/2018
1683549631,7/5/2018
1684268160,7/6/2018
1685292683,7/6/2018
1687694823,7/7/2018
1691763442,7/9/2018
1692945370,7/10/2018
1693663030,7/10/2018
1694437755,7/10/2018
1695513652,7/11/2018
1701778189,7/14/2018
1711582266,7/18/2018
1712802404,7/19/2018
1714306978,7/19/2018
1714967808,7/20/2018
1716004022,7/20/2018
1718585265,7/21/2018
1726190663,7/23/2018
1738531254,7/30/2018
1741436269,7/31/2018
1743692440,8/1/2018
1746178154,8/2/2018
1748033438,8/3/2018
1755121360,8/4/2018
1755123407,8/5/2018
1755125808,8/6/2018
1757233426,8/7/2018
1759445890,8/8/2018
1761682055,8/9/2018
1765893459,8/10/2018
1765897329,8/11/2018
1770421981,8/12/2018
1770427139,8/13/2018
1772763320,8/14/2018
1775398329,8/15/2018
1777153265,8/16/2018
1779413983,8/17/2018
1781560299,8/18/2018
1784390450,8/19/2018
1786504012,8/20/2018
1788485570,8/21/2018
1797645613,8/22/2018
1797646900,8/24/2018
1797649365,8/25/2018
1802072050,8/26/2018
1802076990,8/27/2018
1804339586,8/28/2018
1806534809,8/29/2018
1808560745,8/30/2018
1810723319,8/31/2018
1812801320,9/1/2018
1815565447,9/2/2018
1817552169,9/3/2018
1820003684,9/4/2018
1820005533,9/4/2018
1822015776,9/5/2018
1824302516,9/6/2018
1826174607,9/7/2018
1828662035,9/8/2018
1831316360,9/9/2018
1833216578,9/10/2018
1835493665,9/11/2018
1837966239,9/12/2018
1839956890,9/13/2018
1841617358,9/14/2018
1843973539,9/15/2018
1846837389,9/16/2018
1848845094,9/17/2018
1850952249,9/18/2018
1853149513,9/19/2018
1855203916,9/20/2018
1857139731,9/21/2018
1859252861,9/22/2018
1861929667,9/23/2018
1863652549,9/24/2018
1865608692,9/25/2018
1867822667,9/26/2018
1869794210,9/27/2018
1871727489,9/28/2018
1874086963,9/29/2018
1876652865,9/30/2018
1878207205,10/1/2018
1880453228,10/2/2018
1882712787,10/3/2018
1884681261,10/4/2018
1886374937,10/5/2018
1888619554,10/6/2018
1891154588,10/7/2018
1892918073,10/8/2018
1895028046,10/9/2018
660774211,8/1/2016
663002930,8/3/2016
664142190,8/4/2016
665269003,8/5/2016
666753009,8/6/2016
667166453,8/6/2016
668350695,8/7/2016
668778658,8/8/2016
669497626,8/8/2016
669911774,8/9/2016
670699041,8/9/2016
671103006,8/10/2016
671817484,8/10/2016
672204587,8/11/2016
672907189,8/11/2016
673299567,8/12/2016
673943636,8/12/2016
674954519,8/13/2016
676334743,8/14/2016
676792557,8/15/2016
677536050,8/15/2016
677936651,8/16/2016
678743749,8/16/2016
679165434,8/17/2016
679958786,8/17/2016
680392725,8/18/2016
681134902,8/18/2016
681500929,8/19/2016
682043075,8/19/2016
683183939,8/20/2016
684434814,8/21/2016
684792555,8/22/2016
685512952,8/22/2016
685940391,8/23/2016
686799397,8/23/2016
687243180,8/24/2016
688054678,8/24/2016
688470944,8/25/2016
689543734,8/25/2016
689543798,8/26/2016
692084371,8/27/2016
692790866,8/28/2016
693094059,8/29/2016
693815963,8/29/2016
694152863,8/30/2016
695011841,8/30/2016
695455629,8/31/2016
696217226,8/31/2016
696590427,9/1/2016
697418399,9/1/2016
697752488,9/2/2016
698277667,9/2/2016
699598746,9/3/2016
710141572,9/12/2016
710330147,9/12/2016
710391025,9/12/2016
711043542,9/13/2016
713868431,9/13/2016
713868530,9/13/2016
713868706,9/14/2016
713868714,9/14/2016
713868753,9/14/2016
713868909,9/14/2016
713868933,9/15/2016
713868973,9/15/2016
713869125,9/15/2016
714720355,9/16/2016
714782826,9/16/2016
721201087,9/17/2016
721202453,9/19/2016
721203602,9/20/2016
721204833,9/21/2016
721206654,9/22/2016
721215632,9/17/2016
721216013,9/17/2016
721217401,9/19/2016
721218756,9/20/2016
721220339,9/21/2016
725175253,9/23/2016
725175825,9/24/2016
725178844,9/25/2016
725181481,9/22/2016
725182112,9/23/2016
725182854,9/24/2016
725183651,9/25/2016
726123731,9/26/2016
726156924,9/26/2016
726783918,9/27/2016
727220763,9/27/2016
728338514,9/28/2016
728343436,9/28/2016
731284081,9/29/2016
731284882,9/30/2016
731292379,10/1/2016
731293348,9/29/2016
731293817,9/30/2016
731294345,10/1/2016
732182577,10/2/2016
732602935,10/2/2016
733143123,10/3/2016
733566177,10/3/2016
734612492,10/4/2016
734619249,10/4/2016
735242963,10/5/2016
735644870,10/5/2016
736662480,10/6/2016
736683402,10/6/2016
737241040,10/7/2016
737553295,10/7/2016
738331587,10/8/2016
738645498,10/8/2016
739514518,10/9/2016
739926165,10/9/2016
740470353,10/10/2016
740881362,10/10/2016
741482596,10/11/2016
741839984,10/11/2016
742524106,10/12/2016
742921100,10/12/2016
743494499,10/13/2016
743839660,10/13/2016
744356654,10/14/2016
744645315,10/14/2016
745449856,10/15/2016
745772815,10/15/2016
746682208,10/16/2016
747080804,10/16/2016
747613288,10/17/2016
747971063,10/17/2016
748558685,10/18/2016
748937578,10/18/2016
749599516,10/19/2016
749971686,10/19/2016
750574112,10/20/2016
750953020,10/20/2016
751487237,10/21/2016
751767011,10/21/2016
752417665,10/22/2016
752815950,10/22/2016
753612133,10/23/2016
754036009,10/23/2016
754394196,10/24/2016
754624558,10/24/2016
755068515,10/24/2016
759797734,10/29/2016
765167312,11/3/2016
766018104,11/4/2016
766910369,11/5/2016
768251907,11/6/2016
769214803,11/7/2016
770168607,11/8/2016
771039023,11/9/2016
771888735,11/10/2016
772687674,11/11/2016
774197180,11/12/2016
774197441,11/13/2016
776708872,11/15/2016
778527653,11/17/2016
779223430,11/18/2016
781285338,11/20/2016
781358474,11/20/2016
783017901,11/22/2016
783908844,11/23/2016
787548938,11/27/2016
791098566,12/1/2016
792699970,12/3/2016
793874376,12/4/2016
na,na
